pi_time,motor_position,motor_speed,motor_current,motor_temperature
1.706695795059204,0.0,0.0,0.0,32
1.8072707653045654,0.0,0.0,-0.07,32
1.9070632457733154,0.0,0.0,-0.06,32
2.0074338912963867,0.0,90.0,-0.05,32
2.1072134971618652,0.0,0.0,-0.07,32
2.2071094512939453,0.0,0.0,-0.05,32
2.307102918624878,0.0,0.0,-0.08,32
2.4070401191711426,0.0,0.0,-0.07,32
2.5086283683776855,0.0,0.0,-0.06,32
2.6072020530700684,0.0,0.0,-0.07,32
2.7088782787323,0.0,0.0,-0.04,32
2.8072612285614014,0.0,0.0,-0.07,32
2.907043218612671,0.0,90.0,-0.11,32
3.007155656814575,0.0,0.0,-0.06,32
3.1070175170898438,0.0,0.0,-0.06,32
3.2070348262786865,0.0,0.0,-0.06,32
3.309086799621582,0.0,0.0,-0.08,32
3.4077441692352295,0.0,0.0,-0.05,32
3.5073225498199463,0.0,0.0,-0.09,32
3.607534170150757,0.0,0.0,-0.06,32
3.707235336303711,0.0,0.0,-0.08,32
3.8071911334991455,0.0,0.0,-0.05,32
3.907684564590454,0.0,0.0,-0.08,32
4.007108688354492,0.0,0.0,-0.06,32
4.107156753540039,0.0,0.0,-0.03,32
4.207473278045654,0.0,0.0,-0.02,32
4.307523488998413,0.0,0.0,-0.07,32
4.40767240524292,0.0,0.0,-0.05,32
4.507274866104126,0.0,0.0,-0.07,32
4.609996795654297,0.0,0.0,-0.08,32
4.707624912261963,0.0,90.0,-0.05,32
4.807382106781006,0.0,0.0,-0.11,32
4.908376693725586,0.0,0.0,-0.09,32
5.007351636886597,0.0,0.0,-0.05,32
5.107334852218628,0.0,0.0,-0.08,32
5.207644939422607,0.0,0.0,-0.08,32
5.307316064834595,0.0,0.0,-0.09,32
5.4090869426727295,0.0,0.0,-0.08,32
5.507101774215698,0.0,0.0,-0.09,32
5.607454776763916,0.0,0.0,-0.07,32
5.707186222076416,0.0,0.0,-0.05,32
5.807669401168823,0.0,0.0,-0.09,32
5.90725564956665,0.0,0.0,-0.07,32
6.008220911026001,0.0,0.0,-0.07,32
6.10718560218811,0.0,0.0,-0.08,32
6.207196235656738,0.0,0.0,-0.08,32
6.307044506072998,0.0,0.0,-0.08,32
6.40705418586731,0.0,0.0,-0.14,32
6.5071611404418945,0.0,0.0,-0.12,32
6.607265472412109,0.0,0.0,-0.08,32
6.707052946090698,0.0,0.0,-0.06,32
6.80714225769043,0.0,0.0,-0.06,32
6.90721321105957,0.0,0.0,-0.07,32
7.007290840148926,0.0,0.0,-0.05,32
7.107109308242798,0.0,0.0,-0.1,32
7.213195323944092,0.0,0.0,-0.05,32
7.309096097946167,0.0,0.0,-0.09,32
7.408261299133301,0.0,0.0,-0.07,32
7.506984710693359,0.0,0.0,-0.08,32
7.607029438018799,0.0,0.0,-0.09,32
7.707044839859009,0.0,0.0,-0.05,32
7.807087182998657,0.0,0.0,-0.08,32
7.906968832015991,0.0,0.0,-0.09,32
8.00702691078186,0.0,0.0,-0.06,32
8.107181310653687,0.0,0.0,-0.07,32
8.207183361053467,0.0,0.0,-0.06,32
8.307085990905762,0.0,0.0,-0.08,32
8.408911943435669,0.0,0.0,-0.06,32
8.507195711135864,0.0,0.0,-0.07,32
8.607108116149902,0.0,0.0,-0.06,32
8.708621978759766,0.0,0.0,-0.06,32
8.807624101638794,0.0,0.0,-0.09,32
8.90912938117981,0.0,0.0,-0.03,32
9.00705361366272,0.0,90.0,-0.04,32
9.113544702529907,0.0,0.0,-0.05,32
9.20706033706665,0.0,0.0,-0.05,32
9.306969404220581,0.0,0.0,-0.07,32
9.413667678833008,0.0,0.0,-0.09,32
9.506967544555664,0.0,0.0,-0.07,32
9.606965780258179,0.0,0.0,-0.08,32
9.707073450088501,0.0,0.0,-0.04,32
9.808443307876587,0.0,0.0,-0.09,32
9.90934157371521,0.0,0.0,-0.06,32
10.007896423339844,0.0,0.0,-0.07,32
10.107271909713745,0.0,0.0,-0.09,32
10.207210540771484,0.0,0.0,-0.06,32
10.307830095291138,0.0,0.0,-0.07,32
10.407056331634521,0.0,0.0,-0.04,32
10.506966352462769,0.0,-90.0,-0.07,32
10.606981992721558,0.0,0.0,-0.08,32
10.707032918930054,0.0,0.0,-0.06,32
10.806993007659912,0.0,0.0,-0.07,32
10.906960487365723,0.0,0.0,-0.08,32
11.006996631622314,0.0,0.0,-0.08,32
11.106959581375122,0.0,0.0,-0.1,32
11.206956386566162,0.0,0.0,-0.08,32
11.306966066360474,0.0,0.0,-0.07,32
11.407264947891235,0.0,0.0,-0.04,32
11.507021427154541,0.0,0.0,-0.09,32
11.607077598571777,0.0,0.0,-0.07,32
11.706995725631714,0.0,0.0,-0.07,32
11.807054042816162,0.0,0.0,-0.09,32
11.90913987159729,0.0,90.0,-0.04,32
12.007137537002563,0.0,90.0,-0.09,32
12.108657836914062,0.0,0.0,-0.06,32
12.20909833908081,0.0,0.0,-0.06,32
12.307371616363525,0.0,0.0,-0.02,32
12.407104969024658,0.0,0.0,-0.04,32
12.507096529006958,0.0,0.0,-0.08,32
12.607004404067993,0.0,0.0,-0.05,32
12.707014322280884,0.0,0.0,0.0,32
12.807573080062866,0.0,90.0,-0.08,32
12.907068490982056,0.0,0.0,-0.06,32
13.007351875305176,0.0,0.0,-0.07,32
13.106908082962036,0.0,0.0,-0.1,32
13.207579374313354,0.0,0.0,-0.06,32
13.308980703353882,0.0,0.0,-0.06,32
13.408595323562622,0.0,0.0,-0.09,32
13.507251501083374,0.0,0.0,-0.11,32
13.606966972351074,0.0,0.0,-0.05,32
13.708662748336792,0.0,0.0,-0.06,32
13.80688762664795,0.0,0.0,-0.07,32
13.909623384475708,0.0,0.0,-0.08,32
14.009804248809814,0.0,0.0,-0.06,32
14.106912612915039,0.0,0.0,-0.07,32
14.207402467727661,0.0,0.0,-0.03,32
14.30816912651062,0.0,0.0,-0.07,32
14.408916711807251,0.0,0.0,-0.07,32
14.507617473602295,0.0,0.0,-0.1,32
14.606873989105225,0.0,0.0,-0.06,32
14.707614660263062,0.0,0.0,-0.06,32
14.807297706604004,0.0,0.0,-0.06,32
14.907187461853027,0.0,0.0,-0.05,32
15.006912469863892,0.0,0.0,-0.06,32
15.106874704360962,0.0,0.0,-0.07,32
15.20719313621521,0.0,0.0,-0.05,32
15.307358741760254,0.0,0.0,-0.04,32
15.406993389129639,0.0,0.0,-0.09,32
15.506966352462769,0.0,0.0,-0.04,32
15.607148170471191,0.0,0.0,-0.08,32
15.706938028335571,0.0,0.0,-0.08,32
15.807021141052246,0.0,0.0,-0.07,32
15.907575368881226,0.0,0.0,-0.08,32
16.00969123840332,0.0,0.0,-0.05,32
16.106923818588257,0.0,0.0,-0.05,32
16.206963300704956,0.0,0.0,-0.04,32
16.30702805519104,0.0,0.0,-0.04,32
16.406935930252075,0.0,0.0,-0.06,32
16.5069899559021,0.0,0.0,-0.07,32
16.60710334777832,0.0,0.0,-0.06,32
16.707139492034912,0.0,0.0,-0.06,32
16.80953025817871,0.0,0.0,-0.06,32
16.909404277801514,0.0,0.0,-0.06,32
17.007461547851562,0.0,0.0,-0.05,32
17.106810569763184,0.0,0.0,-0.04,32
17.206862688064575,0.0,0.0,-0.05,32
17.308613538742065,0.0,0.0,-0.06,32
17.410030126571655,0.0,0.0,-0.06,32
17.506914615631104,0.0,0.0,-0.07,32
17.607016563415527,0.0,0.0,-0.07,32
17.706880569458008,0.0,0.0,-0.06,32
17.80696678161621,0.0,0.0,-0.06,32
17.909743785858154,0.0,0.0,-0.05,32
18.00911521911621,0.0,0.0,-0.06,32
18.107110738754272,0.0,0.0,-0.09,32
18.20682120323181,0.0,0.0,-0.04,32
18.306865453720093,0.0,0.0,-0.09,32
18.406992197036743,0.0,0.0,-0.07,32
18.507813692092896,0.0,0.0,-0.09,32
18.60786271095276,0.0,0.0,-0.07,32
18.707388401031494,0.0,0.0,-0.06,32
18.806835412979126,0.0,0.0,-0.09,32
18.906835794448853,0.0,0.0,-0.09,32
19.006892204284668,0.0,0.0,-0.07,32
19.106812000274658,0.0,0.0,-0.06,32
19.207226991653442,0.0,0.0,-0.05,32
19.306859731674194,0.0,0.0,-0.05,32
19.40706777572632,0.0,0.0,-0.08,32
19.508318424224854,0.0,0.0,-0.08,32
19.606932878494263,0.0,0.0,-0.06,32
19.707058429718018,0.0,0.0,-0.06,32
19.807474851608276,0.0,0.0,-0.05,32
19.90674924850464,0.0,0.0,-0.07,32
20.007757425308228,0.0,0.0,-0.06,32
20.10886287689209,0.0,0.0,-0.06,32
20.209794759750366,0.0,0.0,-0.06,32
20.30701184272766,0.0,0.0,-0.05,32
20.409043788909912,0.0,0.0,-0.07,32
20.507030963897705,0.0,0.0,-0.05,32
20.607473850250244,0.0,0.0,-0.04,32
20.706841707229614,0.0,0.0,-0.04,32
20.807510137557983,0.0,0.0,-0.06,32
20.906910181045532,0.0,0.0,-0.04,32
21.007745027542114,0.0,0.0,-0.06,32
21.106869220733643,0.0,0.0,-0.06,32
21.20698380470276,0.0,0.0,-0.05,32
21.3081955909729,0.0,0.0,-0.08,32
21.40916132926941,0.0,0.0,-0.08,32
21.50916838645935,0.0,0.0,-0.05,32
21.606837034225464,0.0,0.0,-0.05,32
21.70908784866333,0.0,0.0,-0.07,32
21.806833505630493,0.0,0.0,-0.07,32
21.90681481361389,0.0,0.0,-0.09,32
22.0067880153656,0.0,0.0,-0.07,32
22.10679030418396,0.0,0.0,-0.11,32
22.20683217048645,0.0,0.0,-0.05,32
22.307360649108887,0.0,0.0,-0.05,32
22.406762838363647,0.0,0.0,-0.06,32
22.506805658340454,0.0,0.0,-0.08,32
22.609175205230713,0.0,0.0,-0.07,32
22.706928730010986,0.0,0.0,-0.03,32
22.806788444519043,0.0,0.0,-0.09,32
22.907093048095703,0.0,0.0,-0.05,32
23.01308274269104,0.0,0.0,-0.07,32
23.10681676864624,0.0,0.0,-0.08,32
23.206846475601196,0.0,0.0,-0.09,32
23.30750346183777,0.0,0.0,-0.06,32
23.406949281692505,0.0,0.0,-0.04,32
23.508787870407104,0.0,0.0,-0.03,32
23.60926365852356,0.0,0.0,-0.06,32
23.706682682037354,0.0,90.0,-0.03,32
23.806833267211914,0.0,0.0,-0.07,32
23.909021615982056,0.0,0.0,-0.03,32
24.006911277770996,0.0,0.0,-0.03,32
24.10703945159912,0.0,0.0,-0.07,32
24.207842111587524,0.0,0.0,-0.06,32
24.307317972183228,0.0,0.0,-0.06,32
24.406864404678345,0.0,0.0,-0.07,32
24.509087562561035,0.0,0.0,-0.05,32
24.607155084609985,0.0,0.0,-0.07,32
24.7072434425354,0.0,0.0,-0.1,32
24.80905556678772,0.0,0.0,-0.05,32
24.907249927520752,0.0,0.0,-0.09,32
25.006818532943726,0.0,0.0,-0.04,32
25.107270002365112,0.0,0.0,-0.06,32
25.206727266311646,0.0,0.0,-0.07,32
25.306780576705933,0.0,0.0,-0.07,32
25.407074213027954,0.0,0.0,-0.05,32
25.5091814994812,0.0,0.0,-0.06,32
25.607025623321533,0.0,0.0,-0.13,32
25.706730842590332,0.0,0.0,-0.04,32
25.806787490844727,0.0,0.0,-0.05,32
25.906859397888184,0.0,0.0,-0.06,32
26.006948709487915,0.0,-90.0,-0.06,32
26.108070135116577,0.0,0.0,-0.08,32
26.20672345161438,0.0,0.0,-0.06,32
26.306878566741943,0.0,0.0,-0.08,32
26.408031463623047,0.0,0.0,-0.07,32
26.507232427597046,0.0,0.0,-0.07,32
26.609511852264404,0.0,0.0,-0.08,32
26.706894159317017,0.0,0.0,-0.08,32
26.809165477752686,0.0,0.0,-0.04,32
26.9076030254364,0.0,0.0,-0.05,32
27.00678062438965,0.0,0.0,-0.1,32
27.107110500335693,0.0,0.0,-0.06,32
27.209929943084717,0.0,-90.0,-0.06,32
27.30699634552002,0.0,0.0,-0.04,32
27.406718969345093,0.0,0.0,-0.07,32
27.50671410560608,0.0,0.0,-0.05,32
27.606748819351196,0.0,0.0,-0.05,32
27.70665431022644,0.0,0.0,-0.07,32
27.807329893112183,0.0,0.0,-0.06,32
27.90725803375244,0.0,0.0,-0.08,32
28.00670599937439,0.0,0.0,-0.06,32
28.106767892837524,0.0,0.0,-0.08,32
28.209192752838135,0.0,-90.0,-0.05,33
28.30713176727295,0.0,0.0,-0.04,33
28.40870189666748,0.0,0.0,-0.06,33
28.50717568397522,0.0,0.0,-0.03,33
28.60667324066162,0.0,0.0,-0.06,33
28.708537817001343,0.0,0.0,-0.07,32
28.807153940200806,0.0,0.0,-0.09,33
28.90807795524597,0.0,0.0,-0.06,33
29.007000207901,0.0,0.0,-0.06,33
29.106754064559937,0.0,0.0,-0.07,33
29.206650972366333,0.0,0.0,-0.06,33
29.306658029556274,0.0,0.0,-0.09,33
29.407714128494263,0.0,0.0,-0.08,33
29.506577014923096,0.0,0.0,-0.06,33
29.60688281059265,0.0,0.0,-0.07,33
29.706682682037354,0.0,0.0,-0.06,33
29.8066725730896,0.0,0.0,-0.08,33
29.90663242340088,0.0,0.0,-0.07,33
30.00662612915039,0.0,0.0,-0.05,33
30.10767674446106,0.0,0.0,-0.06,33
30.206653356552124,0.0,0.0,-0.05,33
30.306687831878662,0.0,0.0,-0.1,33
30.40684151649475,0.0,0.0,-0.08,33
30.507237195968628,0.0,-90.0,-0.04,33
30.606881856918335,0.0,-90.0,-0.11,33
30.70912742614746,0.0,0.0,-0.04,33
30.806648015975952,0.0,0.0,-0.07,33
30.906744956970215,0.0,0.0,-0.05,33
31.00657033920288,0.0,0.0,-0.12,33
31.106638431549072,0.0,0.0,-0.08,33
31.207574605941772,0.0,0.0,-0.06,33
31.306613445281982,0.0,0.0,-0.05,33
31.40807843208313,0.0,0.0,-0.1,33
31.507295846939087,0.0,0.0,-0.05,33
31.606579780578613,0.0,0.0,-0.09,33
31.707436084747314,0.0,0.0,-0.05,33
31.809643983840942,0.0,0.0,-0.08,33
31.906824827194214,0.0,0.0,-0.04,33
32.00706720352173,0.0,0.0,-0.09,33
32.10673522949219,0.0,0.0,-0.04,33
32.20960569381714,0.0,0.0,-0.06,33
32.306764125823975,0.0,0.0,-0.05,33
32.40711998939514,0.0,0.0,-0.06,33
32.50668430328369,0.0,90.0,-0.06,33
32.60742211341858,0.0,0.0,-0.09,33
32.70695447921753,0.0,0.0,-0.1,33
32.807096004486084,0.0,0.0,-0.09,33
32.90748953819275,0.0,0.0,-0.04,33
33.007391929626465,0.0,0.0,-0.07,33
33.10671520233154,0.0,-90.0,-0.05,33
33.20787739753723,0.0,0.0,-0.07,33
33.30760931968689,0.0,90.0,-0.06,33
33.406574726104736,0.0,0.0,-0.05,33
33.50776791572571,0.0,90.0,-0.05,33
33.60747838020325,0.0,0.0,-0.07,33
33.70824384689331,0.0,-90.0,-0.05,33
33.806645154953,0.0,0.0,-0.06,33
33.90659952163696,0.0,0.0,-0.06,33
34.006614446640015,0.0,0.0,-0.07,33
34.107436418533325,0.0,0.0,-0.08,33
34.20657467842102,0.0,0.0,-0.07,33
34.30662751197815,0.0,0.0,-0.05,33
34.406532287597656,0.0,0.0,-0.07,33
34.507235050201416,0.0,0.0,-0.07,33
34.606711626052856,0.0,0.0,-0.08,33
34.70689940452576,0.0,0.0,-0.08,33
34.80946207046509,0.0,0.0,-0.1,33
34.90681171417236,0.0,0.0,-0.08,33
35.006587505340576,0.0,0.0,-0.07,33
35.10693979263306,0.0,0.0,-0.07,33
35.20663022994995,0.0,0.0,-0.06,33
35.306559562683105,0.0,0.0,-0.07,33
35.40660333633423,0.0,0.0,-0.08,33
35.507158279418945,0.0,0.0,-0.06,33
35.6072211265564,0.0,0.0,-0.1,33
35.706692934036255,0.0,0.0,-0.07,33
35.806665658950806,0.0,0.0,-0.07,33
35.90961575508118,0.0,0.0,-0.06,33
36.007134199142456,0.0,0.0,-0.07,33
36.107030391693115,0.0,0.0,-0.08,33
36.2067334651947,0.0,0.0,-0.11,33
36.30685329437256,0.0,0.0,-0.02,33
36.40742897987366,0.0,0.0,-0.05,33
36.50714349746704,0.0,-90.0,-0.09,33
36.60688757896423,0.0,0.0,-0.08,33
36.706844091415405,0.0,-90.0,-0.07,33
36.80650305747986,0.0,0.0,-0.07,33
36.90653681755066,0.0,0.0,-0.07,33
37.006500005722046,0.0,0.0,-0.05,33
37.10654044151306,0.0,0.0,-0.05,33
37.20651888847351,0.0,0.0,-0.04,33
37.306695222854614,0.0,0.0,-0.03,33
37.40907692909241,0.0,0.0,-0.08,33
37.50654864311218,0.0,0.0,-0.06,33
37.60652446746826,0.0,0.0,-0.1,33
37.70664978027344,0.0,0.0,-0.05,33
37.806557178497314,0.0,0.0,-0.06,33
37.90890169143677,0.0,0.0,-0.08,33
38.00785493850708,0.0,0.0,-0.04,33
38.10773158073425,0.0,0.0,-0.07,33
38.20818018913269,0.0,0.0,-0.06,33
38.30653977394104,0.0,0.0,-0.03,33
38.407692193984985,0.0,0.0,-0.06,33
38.506563663482666,0.0,0.0,-0.09,33
38.606987953186035,0.0,0.0,-0.08,33
38.707239389419556,0.0,0.0,-0.06,33
38.80932378768921,0.0,90.0,-0.06,33
38.90651869773865,0.0,0.0,-0.04,33
39.00802135467529,0.0,0.0,-0.06,33
39.10785484313965,0.0,0.0,-0.04,33
39.206490993499756,0.0,0.0,-0.05,33
39.30663442611694,0.0,0.0,-0.02,33
39.412330627441406,0.0,0.0,-0.04,33
39.507453203201294,0.0,0.0,-0.1,33
39.60647797584534,0.0,0.0,-0.06,33
39.706936836242676,0.0,0.0,-0.08,33
39.806533098220825,0.0,0.0,-0.05,33
39.909053564071655,0.0,0.0,-0.08,33
40.00800561904907,0.0,0.0,-0.05,33
40.106526374816895,0.0,0.0,-0.08,33
40.20847153663635,0.0,0.0,-0.05,33
40.30788064002991,0.0,0.0,-0.07,33
40.4065158367157,0.0,0.0,-0.07,33
40.506617307662964,0.0,0.0,-0.07,33
40.60687780380249,0.0,0.0,-0.05,33
40.706931352615356,0.0,0.0,-0.06,33
40.80898976325989,0.0,0.0,-0.08,33
40.907593727111816,0.0,0.0,-0.06,33
41.00881814956665,0.0,0.0,-0.06,33
41.10665416717529,0.0,0.0,-0.05,33
41.209476470947266,0.0,0.0,-0.05,33
41.309640645980835,0.0,0.0,-0.08,33
41.40655303001404,0.0,0.0,-0.03,33
41.507720947265625,0.0,0.0,-0.05,33
41.60651397705078,0.0,0.0,-0.04,33
41.706472396850586,0.0,0.0,-0.05,33
41.80860614776611,0.0,0.0,-0.07,33
41.906524658203125,0.0,0.0,-0.08,33
42.006601333618164,0.0,0.0,-0.06,33
42.10756468772888,0.0,0.0,-0.11,33
42.20656991004944,0.0,-90.0,-0.04,33
42.3066520690918,0.0,0.0,-0.1,33
42.406447410583496,0.0,0.0,-0.04,33
42.50646471977234,0.0,0.0,-0.07,33
42.609188079833984,0.0,0.0,-0.07,33
42.7088782787323,0.0,0.0,-0.1,33
42.80646800994873,0.0,0.0,-0.11,33
42.909077167510986,0.0,0.0,-0.09,33
43.0093879699707,0.0,0.0,-0.04,33
43.107337474823,0.0,0.0,-0.05,33
43.207449436187744,0.0,0.0,-0.06,33
43.30834341049194,0.0,0.0,-0.06,33
43.40685296058655,0.0,0.0,-0.09,33
43.50689125061035,0.0,0.0,-0.11,33
43.60826802253723,0.0,0.0,-0.04,33
43.70656180381775,0.0,0.0,-0.07,33
43.808568716049194,0.0,0.0,-0.07,33
43.90643525123596,0.0,0.0,-0.07,33
44.00666117668152,0.0,0.0,-0.08,33
44.10675406455994,0.0,0.0,-0.08,33
44.2069149017334,0.0,0.0,-0.07,33
44.3071391582489,0.0,0.0,-0.06,33
44.40649127960205,0.0,0.0,-0.06,33
44.507771492004395,0.0,0.0,-0.07,33
44.606440782547,0.0,0.0,-0.06,33
44.706714391708374,0.0,0.0,-0.06,33
44.80641961097717,0.0,0.0,-0.04,33
44.907042503356934,0.0,0.0,-0.06,33
45.00716280937195,0.0,0.0,-0.06,33
45.106616735458374,0.0,0.0,-0.04,33
45.20741534233093,0.0,0.0,-0.06,33
45.30645561218262,0.0,0.0,-0.05,33
45.40678071975708,0.0,90.0,-0.06,33
45.506691455841064,0.0,0.0,-0.04,33
45.60659432411194,0.0,-90.0,-0.05,33
45.70655536651611,0.0,0.0,-0.1,33
45.80645489692688,0.0,0.0,-0.07,33
45.90643906593323,0.0,0.0,-0.07,33
46.00688171386719,0.0,90.0,-0.07,33
46.10649228096008,0.0,0.0,-0.06,33
46.206406116485596,0.0,-90.0,-0.04,33
46.30667543411255,0.0,0.0,-0.04,33
46.40638995170593,0.0,0.0,-0.03,33
46.50670123100281,0.0,0.0,-0.09,33
46.60762095451355,0.0,0.0,-0.06,33
46.706435680389404,0.0,0.0,-0.09,33
46.80917000770569,0.0,0.0,-0.07,33
46.9063835144043,0.0,0.0,-0.04,33
47.00697922706604,0.0,0.0,-0.05,33
47.10649847984314,0.0,0.0,-0.08,33
47.206421852111816,0.0,0.0,-0.04,33
47.306615352630615,0.0,0.0,-0.03,33
47.40642476081848,0.0,0.0,-0.1,33
47.50680923461914,0.0,0.0,-0.06,33
47.60877990722656,0.0,0.0,-0.03,33
47.70741367340088,0.0,0.0,-0.04,33
47.80827450752258,0.0,0.0,-0.12,33
47.90642046928406,0.0,0.0,-0.06,33
48.00673055648804,0.0,0.0,-0.05,33
48.107622385025024,0.0,0.0,-0.04,33
48.20748472213745,0.0,0.0,-0.06,33
48.3071506023407,0.0,0.0,-0.06,33
48.40879678726196,0.0,0.0,-0.07,33
48.507121562957764,0.0,0.0,-0.06,33
48.606377601623535,0.0,-90.0,-0.1,33
48.7070415019989,0.0,0.0,-0.03,33
48.80825662612915,0.0,0.0,-0.04,33
48.9063663482666,0.0,0.0,-0.08,33
49.00648903846741,0.0,0.0,-0.04,33
49.10748267173767,0.0,0.0,-0.08,33
49.20647978782654,0.0,0.0,-0.08,33
49.30649280548096,0.0,-90.0,-0.04,33
49.40699887275696,0.0,0.0,-0.06,33
49.50643301010132,0.0,0.0,-0.08,33
49.60904002189636,0.0,0.0,-0.1,33
49.7284369468689,0.0,0.0,-0.09,33
49.80654501914978,0.0,0.0,-0.08,33
49.90768337249756,0.0,0.0,-0.04,33
50.006529808044434,0.0,0.0,-0.07,33
50.10850191116333,0.0,0.0,-0.03,33
50.20664954185486,0.0,0.0,-0.06,33
50.30634880065918,0.0,0.0,-0.06,33
50.40651988983154,0.0,0.0,-0.09,33
50.50651812553406,0.0,0.0,-0.09,33
50.606520652770996,0.0,0.0,-0.05,33
50.70644927024841,0.0,0.0,-0.08,33
50.80649781227112,0.0,0.0,-0.08,33
50.90702223777771,0.0,0.0,-0.07,33
51.00671982765198,0.0,0.0,-0.07,33
51.10727834701538,0.0,0.0,-0.1,33
51.20756244659424,0.0,90.0,-0.08,33
51.30662775039673,0.0,0.0,-0.06,33
51.40643644332886,0.0,0.0,-0.04,33
51.507049322128296,0.0,0.0,-0.04,33
51.60701394081116,0.0,0.0,-0.05,33
51.706817626953125,0.0,0.0,-0.05,33
51.80676341056824,0.0,0.0,-0.07,33
51.90699362754822,0.0,0.0,-0.08,33
52.007354736328125,0.0,0.0,-0.05,33
52.109081506729126,0.0,0.0,-0.08,33
52.22648906707764,0.0,0.0,-0.05,33
52.30761957168579,0.0,0.0,-0.1,33
52.41261696815491,0.0,90.0,-0.06,33
52.509613037109375,0.0,0.0,-0.08,33
52.606460094451904,0.0,0.0,-0.07,33
52.70644545555115,0.0,0.0,-0.09,33
52.809348821640015,0.0,0.0,-0.06,33
52.90678811073303,0.0,0.0,-0.06,33
53.006986141204834,0.0,0.0,-0.04,33
53.106412172317505,0.0,0.0,-0.06,33
53.20660376548767,0.0,0.0,-0.05,33
53.30714440345764,0.0,0.0,-0.07,33
53.40935182571411,0.0,0.0,-0.05,33
53.50682067871094,0.0,0.0,-0.05,33
53.606656074523926,0.0,0.0,-0.04,33
53.70647215843201,0.0,0.0,-0.06,33
53.80641555786133,0.0,0.0,-0.08,33
53.90629601478577,0.0,0.0,-0.06,33
54.00629949569702,0.0,0.0,-0.07,33
54.107006788253784,0.0,0.0,-0.05,33
54.20943570137024,0.0,-90.0,-0.05,33
54.306512117385864,0.0,0.0,-0.05,33
54.406973361968994,0.0,-90.0,-0.05,33
54.50622510910034,0.0,0.0,-0.07,33
54.606467962265015,0.0,0.0,-0.1,33
54.70810794830322,0.0,0.0,-0.04,33
54.80642890930176,0.0,0.0,-0.05,33
54.90931463241577,0.0,0.0,-0.09,33
55.00664687156677,0.0,0.0,-0.09,33
55.10658669471741,0.0,-90.0,-0.07,33
55.20642971992493,0.0,0.0,-0.05,33
55.30714750289917,0.0,0.0,-0.05,33
55.407198667526245,0.0,0.0,-0.09,33
55.50787878036499,0.0,0.0,-0.04,33
55.606852293014526,0.0,0.0,-0.05,33
55.708203077316284,0.0,0.0,-0.08,33
55.806347608566284,0.0,0.0,-0.04,33
55.906540870666504,0.0,0.0,-0.07,33
56.00949048995972,0.0,0.0,-0.05,33
56.10626721382141,0.0,0.0,-0.07,33
56.20734000205994,0.0,0.0,-0.05,33
56.30681824684143,0.0,0.0,-0.08,33
56.40699005126953,0.0,0.0,-0.08,33
56.50619173049927,0.0,0.0,-0.04,33
56.606276512145996,0.0,0.0,-0.03,33
56.70738172531128,0.0,0.0,-0.06,33
56.80837273597717,0.0,0.0,-0.1,33
56.9088933467865,0.0,0.0,-0.05,33
57.00642156600952,0.0,0.0,-0.04,33
57.10795474052429,0.0,90.0,-0.07,33
57.20629167556763,0.0,0.0,-0.06,33
57.3067262172699,0.0,0.0,-0.06,33
57.40716886520386,0.0,0.0,-0.06,33
57.50710153579712,0.0,0.0,-0.08,33
